DonorKey,DonorID,FirstName,LastName,Email,Phone,Address,JoinDate,DonorStatus
101,D0101,Liam,Smith,liam.smith@email.com,555-0101,101 Maple Ave,1/30/2023,ACTIVE
102,D0102,Olivia,Brown,olivia.brown@email.com,555-0102,102 Pine Rd,8/22/2023,ACTIVE
103,D0103,Noah,Davis,noah.davis@email.com,555-0103,103 Cedar Ln,3/10/2023,ACTIVE
104,D0104,Ava,Wilson,ava.wilson@email.com,555-0104,104 Birch Dr,11/5/2023,ACTIVE
105,D0105,Ethan,Taylor,ethan.taylor@email.com,555-0105,105 Elm St,6/18/2023,ACTIVE
106,D0106,Sophia,Anderson,sophia.anderson@email.com,555-0106,106 Walnut Ave,9/3/2023,ACTIVE
107,D0107,Mason,Thomas,mason.thomas@email.com,555-0107,107 Spruce Rd,2/14/2023,ACTIVE
108,D0108,Isabella,Jackson,isabella.jackson@email.com,555-0108,108 Ash Ln,7/29/2023,ACTIVE
109,D0109,William,White,william.white@email.com,555-0109,109 Hickory Dr,4/11/2023,ACTIVE
110,D0110,Charlotte,Harris,charlotte.harris@email.com,555-0110,110 Beech St,10/26/2023,ACTIVE
111,D0111,James,Martin,james.martin@email.com,555-0111,111 Chestnut Ave,1/7/2023,ACTIVE
112,D0112,Amelia,Thompson,amelia.thompson@email.com,555-0112,112 Sycamore Rd,8/15/2023,ACTIVE
113,D0113,Benjamin,Garcia,benjamin.garcia@email.com,555-0113,113 Poplar Ln,5/30/2023,ACTIVE
114,D0114,Evelyn,Martinez,evelyn.martinez@email.com,555-0114,114 Willow Dr,12/9/2023,ACTIVE
115,D0115,Lucas,Robinson,lucas.robinson@email.com,555-0115,115 Acorn St,3/22/2023,ACTIVE
116,D0116,Mia,Clark,mia.clark@email.com,555-0116,116 Magnolia Ave,9/17/2023,ACTIVE
117,D0117,Henry,Rodriguez,henry.rodriguez@email.com,555-0117,117 Juniper Rd,6/1/2023,ACTIVE
118,D0118,Harper,Lewis,harper.lewis@email.com,555-0118,118 Dogwood Ln,11/14/2023,ACTIVE
119,D0119,Alexander,Lee,alexander.lee@email.com,555-0119,119 Cypress Dr,2/28/2023,ACTIVE
120,D0120,Abigail,Walker,abigail.walker@email.com,555-0120,120 Redwood St,7/13/2023,ACTIVE
121,D0121,Daniel,Hall,daniel.hall@email.com,555-0121,121 Sequoia Ave,4/25/2023,ACTIVE
122,D0122,Emily,Allen,emily.allen@email.com,555-0122,122 Fir Rd,10/8/2023,ACTIVE
123,D0123,Jacob,Young,jacob.young@email.com,555-0123,123 Alder Ln,1/19/2023,ACTIVE
124,D0124,Madison,Hernandez,madison.hernandez@email.com,555-0124,124 Linden Dr,8/4/2023,ACTIVE
125,D0125,Michael,King,michael.king@email.com,555-0125,125 Laurel St,5/17/2023,ACTIVE
126,D0126,Elizabeth,Wright,elizabeth.wright@email.com,555-0126,126 Holly Ave,11/30/2023,ACTIVE
127,D0127,Elijah,Lopez,elijah.lopez@email.com,555-0127,127 Hawthorn Rd,3/12/2023,ACTIVE
128,D0128,Avery,Hill,avery.hill@email.com,555-0128,128 Mulberry Ln,9/25/2023,ACTIVE
129,D0129,Sofia,Scott,sofia.scott@email.com,555-0129,129 Cherry Dr,6/7/2023,ACTIVE
130,D0130,Jackson,Green,jackson.green@email.com,555-0130,130 Peach St,12/20/2023,ACTIVE
131,D0131,Scarlett,Adams,scarlett.adams@email.com,555-0131,131 Plum Ave,2/3/2023,ACTIVE
132,D0132,Sebastian,Baker,sebastian.baker@email.com,555-0132,132 Pear Rd,7/16/2023,ACTIVE
133,D0133,Chloe,Gonzalez,chloe.gonzalez@email.com,555-0133,133 Apple Ln,4/29/2023,ACTIVE
134,D0134,Jack,Nelson,jack.nelson@email.com,555-0134,134 Orange Dr,10/12/2023,ACTIVE
135,D0135,Lily,Carter,lily.carter@email.com,555-0135,135 Lemon St,1/25/2023,ACTIVE
136,D0136,Owen,Mitchell,owen.mitchell@email.com,555-0136,136 Lime Ave,8/8/2023,ACTIVE
137,D0137,Grace,Perez,grace.perez@email.com,555-0137,137 Coconut Rd,5/21/2023,ACTIVE
138,D0138,Aiden,Roberts,aiden.roberts@email.com,555-0138,138 Palm Ln,11/3/2023,ACTIVE
139,D0139,Zoe,Turner,zoe.turner@email.com,555-0139,139 Olive Dr,3/16/2023,ACTIVE
140,D0140,Jayden,Phillips,jayden.phillips@email.com,555-0140,140 Fig St,9/29/2023,ACTIVE
141,D0141,Layla,Campbell,layla.campbell@email.com,555-0141,141 Date Ave,6/11/2023,ACTIVE
142,D0142,John,Parker,john.parker@email.com,555-0142,142 Banana Rd,12/24/2023,ACTIVE
143,D0143,Penelope,Evans,penelope.evans@email.com,555-0143,143 Mango Ln,2/7/2023,ACTIVE
144,D0144,Gabriel,Edwards,gabriel.edwards@email.com,555-0144,144 Papaya Dr,7/20/2023,ACTIVE
145,D0145,Victoria,Collins,victoria.collins@email.com,555-0145,145 Guava St,5/3/2023,ACTIVE
146,D0146,Isaac,Stewart,isaac.stewart@email.com,555-0146,146 Kiwi Ave,10/16/2023,ACTIVE
147,D0147,Riley,Sanchez,riley.sanchez@email.com,555-0147,147 Pineapple Rd,1/29/2023,ACTIVE
148,D0148,Julian,Morris,julian.morris@email.com,555-0148,148 Starfruit Ln,8/12/2023,ACTIVE
149,D0149,Nora,Rogers,nora.rogers@email.com,555-0149,149 Dragonfruit Dr,5/25/2023,ACTIVE
150,D0150,Mateo,Reed,mateo.reed@email.com,555-0150,150 Passionfruit St,11/7/2023,ACTIVE
151,D0151,Aria,Cook,aria.cook@email.com,555-0151,151 Jackfruit Ave,3/20/2023,ACTIVE
152,D0152,Grayson,Morgan,grayson.morgan@email.com,555-0152,152 Durian Rd,10/2/2023,ACTIVE
153,D0153,Aubrey,Bell,aubrey.bell@email.com,555-0153,153 Rambutan Ln,6/15/2023,ACTIVE
154,D0154,Leo,Murphy,leo.murphy@email.com,555-0154,154 Lychee Dr,12/28/2023,ACTIVE
155,D0155,Hannah,Bailey,hannah.bailey@email.com,555-0155,155 Mangosteen St,2/11/2023,ACTIVE
156,D0156,Christopher,Rivera,christopher.rivera@email.com,555-0156,156 Soursop Ave,7/24/2023,ACTIVE
157,D0157,Zoey,Cooper,zoey.cooper@email.com,555-0157,157 Custard Apple Rd,5/7/2023,ACTIVE
158,D0158,Josiah,Richardson,josiah.richardson@email.com,555-0158,158 Breadfruit Ln,10/20/2023,ACTIVE
159,D0159,Stella,Cox,stella.cox@email.com,555-0159,159 Cherimoya Dr,1/3/2023,ACTIVE
160,D0160,Levi,Howard,levi.howard@email.com,555-0160,160 Sapodilla St,8/16/2023,ACTIVE
161,D0161,Leah,Ward,leah.ward@email.com,555-0161,161 Longan Ave,5/29/2023,ACTIVE
162,D0162,David,Torres,david.torres@email.com,555-0162,162 Langsat Rd,11/11/2023,ACTIVE
163,D0163,Lucy,Peterson,lucy.peterson@email.com,555-0163,163 Tamarind Ln,3/24/2023,ACTIVE
164,D0164,Andrew,Gray,andrew.gray@email.com,555-0164,164 Santol Dr,10/6/2023,ACTIVE
165,D0165,Savannah,Ramirez,savannah.ramirez@email.com,555-0165,165 Noni St,6/19/2023,ACTIVE
166,D0166,Matthew,James,matthew.james@email.com,555-0166,166 Pomelo Ave,1/1/2023,ACTIVE
167,D0167,Paisley,Watson,paisley.watson@email.com,555-0167,167 Carambola Rd,7/14/2023,ACTIVE
168,D0168,Luke,Brooks,luke.brooks@email.com,555-0168,168 Jabuticaba Ln,4/27/2023,ACTIVE
169,D0169,Audrey,Kelly,audrey.kelly@email.com,555-0169,169 Feijoa Dr,11/9/2023,ACTIVE
170,D0170,Asher,Sanders,asher.sanders@email.com,555-0170,170 Salak St,2/22/2023,ACTIVE
171,D0171,Skylar,Price,skylar.price@email.com,555-0171,171 Kumquat Ave,9/5/2023,ACTIVE
172,D0172,Nathan,Bennett,nathan.bennett@email.com,555-0172,172 Persimmon Rd,6/18/2023,ACTIVE
173,D0173,Sadie,Wood,sadie.wood@email.com,555-0173,173 Quince Ln,12/1/2023,ACTIVE
174,D0174,Joseph,Barnes,joseph.barnes@email.com,555-0174,174 Mulberry Dr,3/14/2023,ACTIVE
175,D0175,Anna,Ross,anna.ross@email.com,555-0175,175 Elderberry St,8/27/2023,ACTIVE
176,D0176,Samuel,Henderson,samuel.henderson@email.com,555-0176,176 Gooseberry Ave,5/10/2023,ACTIVE
177,D0177,Madelyn,Coleman,madelyn.coleman@email.com,555-0177,177 Boysenberry Rd,10/23/2023,ACTIVE
178,D0178,Nicholas,Jenkins,nicholas.jenkins@email.com,555-0178,178 Loganberry Ln,1/6/2023,ACTIVE
179,D0179,Ariana,Perry,ariana.perry@email.com,555-0179,179 Blackberry Dr,7/19/2023,ACTIVE
180,D0180,Wyatt,Powell,wyatt.powell@email.com,555-0180,180 Raspberry St,4/1/2023,ACTIVE
181,D0181,Ella,Long,ella.long@email.com,555-0181,181 Strawberry Ave,9/14/2023,ACTIVE
182,D0182,Christian,Patterson,christian.patterson@email.com,555-0182,182 Blueberry Rd,6/27/2023,ACTIVE
183,D0183,Claire,Hughes,claire.hughes@email.com,555-0183,183 Cranberry Ln,12/10/2023,ACTIVE
184,D0184,Jaxon,Flores,jaxon.flores@email.com,555-0184,184 Huckleberry Dr,3/23/2023,ACTIVE
185,D0185,Lillian,Washington,lillian.washington@email.com,555-0185,185 Goji St,8/5/2023,ACTIVE
186,D0186,Isaiah,Butler,isaiah.butler@email.com,555-0186,186 Acai Ave,5/18/2023,ACTIVE
187,D0187,Addison,Simmons,addison.simmons@email.com,555-0187,187 Bilberry Rd,11/1/2023,ACTIVE
188,D0188,Eli,Foster,eli.foster@email.com,555-0188,188 Lingonberry Ln,2/14/2023,ACTIVE
189,D0189,Aaliyah,Gonzales,aaliyah.gonzales@email.com,555-0189,189 Barberry Dr,7/27/2023,ACTIVE
190,D0190,Aaron,Bryant,aaron.bryant@email.com,555-0190,190 Dewberry St,4/9/2023,ACTIVE
191,D0191,Elena,Alexander,elena.alexander@email.com,555-0191,191 Ginseng Ave,9/22/2023,ACTIVE
192,D0192,Landon,Russell,landon.russell@email.com,555-0192,192 Wolfberry Rd,6/5/2023,ACTIVE
193,D0193,Gabriella,Griffin,gabriella.griffin@email.com,555-0193,193 Marionberry Ln,12/18/2023,ACTIVE
194,D0194,Cameron,Diaz,cameron.diaz@email.com,555-0194,194 Gojiberry Dr,3/31/2023,ACTIVE
195,D0195,Emma,Johnson,emma.johnson@email.com,555-0100,100 Oak St,5/15/2023,ACTIVE
196,D0196,Ben,Davis,ben.davis@email.com,555-0101,123 Main St,1/15/2023,ACTIVE
197,D0197,Jane,Smith,jane.smith@email.com,555-0102,456 Elm St,3/22/2023,ACTIVE
198,D0198,Bob,Johnson,bob.johnson@email.com,555-0103,789 Oak Ave,6/10/2023,ACTIVE
199,D0199,Alice,Williams,alice.williams@email.com,555-0104,321 Pine Rd,9/5/2023,INACTIVE
200,D0200,Charlie,Brown,charlie.brown@email.com,555-0105,654 Maple Ln,11/30/2023,INACTIVE
